"","Authors","stats","metric","ES","Variance","pval"
"1","Combined","lnCVR","Richness",0.153309614451869,0.00476556941241313,0.026363629488217
"2","Combined","lnCVR","Faith's PD",0.157590223508618,0.00630052845191597,0.0471036628290948
"3","Combined","lnVR","Richness",0.13963642433619,0.00341942857929434,0.0169434776485008
"4","Combined","lnVR","Faith's PD",0.136399894110025,0.00480179179225431,0.0490225455219552
