"","Authors","stats","metric","ES","Variance","pval"
"1","Combined","lnCVR","Richness",0.150054536534891,0.00462125821789227,0.0272903933503005
"2","Combined","lnCVR","Faith's PD",0.154565323098728,0.00618893776365333,0.0494449028716976
"3","Combined","lnVR","Richness",0.133279549494113,0.00335337945256495,0.0213600383234022
